year,sst_mean,sst_sd,chl_mean,chl_sd,mld_mean,mld_sd,ph_mean,ph_sd,sss_mean,sss_sd
1850-01-01,27.437010634810104,0.3890928112081118,0.08012800383039982,0.007984156903429528,39.506138766298115,5.921227136211962,8.167626674204609,0.004963031405165889,36.28742104553436,0.11770079797089146
1851-01-01,27.34400758507718,0.3641409555080585,0.0802124400301766,0.007354931611760432,40.6378088988333,6.1903654349071475,8.168445471677336,0.00483228747624973,36.307556041078406,0.12830173977789452
1852-01-01,27.30910719020756,0.3950962558910682,0.08179358473345667,0.0075487635276482385,39.82448409753908,5.769747179465246,8.168581855690634,0.005056431807280399,36.2909381054556,0.09570567286622304
1853-01-01,27.355885742638584,0.3747058723933502,0.08138479707215775,0.007907185538368224,39.84320699541427,5.910531795417124,8.168388641648482,0.0050270899820296245,36.27265862197405,0.1022492296314925
1854-01-01,27.264928411036927,0.39835841903654795,0.08237860585074908,0.0083461101534745,39.95116810031671,6.080405033942843,8.169430344313623,0.005030789468727714,36.255017608645126,0.13527791277701962
1855-01-01,27.242018640679078,0.4156983677169161,0.08158020593051264,0.007877277750005334,39.87468442639574,5.952718456455625,8.169421782983036,0.00526105295237058,36.24321006231652,0.1185503771712765
1856-01-01,27.277831459611498,0.37191257261231986,0.081813026429777,0.00782179531233359,39.0981758119937,5.708071973283453,8.16827483411967,0.0047600011569703575,36.24276914318908,0.11383358012952263
1857-01-01,27.332967170882732,0.41404771691480596,0.0816236692682646,0.008268539146875233,39.08362716937032,5.915748817762165,8.16778229147608,0.005379127487789962,36.25689361443594,0.11414364738179072
1858-01-01,27.380683654518155,0.3707029710766673,0.08085290436429396,0.007533506331939102,39.39718840588888,5.675713990523987,8.167485133573614,0.0047171927963917575,36.255546434123254,0.10204112245929696
1859-01-01,27.296346798844993,0.4190212334119033,0.08209844949473222,0.008561379273233699,40.28452358080866,5.994967607785864,8.168289259977401,0.005251530139839409,36.26628345268243,0.11616980223337468
1860-01-01,27.285352299157047,0.3782461752942743,0.08183102638695537,0.007738440673277169,39.54589887416226,5.893884649929676,8.168416988794963,0.005048425289421289,36.261625922005976,0.10989509207442422
1861-01-01,27.34069635203512,0.37022547345612977,0.08159137812866069,0.007770917288944971,39.5976607630863,5.753561870391139,8.16762231268873,0.0045866364272959936,36.24685885985138,0.1125250826438896
1862-01-01,27.248959041150933,0.3729827992401918,0.0821109634437123,0.00794900875806304,39.96249572662779,5.752273930120167,8.168479822598622,0.0047739488709771195,36.25647862130213,0.11203123218959593
1863-01-01,27.247478809971494,0.3790249192569005,0.0825357035695242,0.007799805492182655,39.85542739794243,5.883699557430397,8.16790411587284,0.004658420336209379,36.26828241489353,0.11176849554655718
1864-01-01,27.278970950304807,0.3748845958208904,0.08150627414705014,0.00783328125794776,39.97274126209298,5.564579374363708,8.167116478933583,0.004713435562058135,36.25446337615497,0.1043902712819539
1865-01-01,27.245986442234535,0.3877116827560421,0.08106453379822597,0.0074685394925815595,39.761107276161916,5.5368982220545915,8.16759656434924,0.005166948577143792,36.249741704219076,0.10570175292679583
1866-01-01,27.29704553705086,0.3743512180553582,0.0805961497564076,0.007563443673036438,39.47970800203136,5.535778071524525,8.166811822541685,0.004994642844763994,36.22862775100511,0.12297072271307088
1867-01-01,27.366192272882802,0.37346407001289006,0.08044891983123752,0.007355298058910787,39.35819568741665,5.83347315458095,8.16560262611046,0.004842813986581091,36.23491824274001,0.12539845935354343
1868-01-01,27.33094807679795,0.3739013225854369,0.080601786143506,0.007329281961589241,39.68852832490147,5.8521146896760055,8.166168823385778,0.004893422354703797,36.25189417053877,0.11003492924249497
1869-01-01,27.30544404987431,0.3566926475447548,0.08195134557642675,0.008069832613355137,40.00246774794348,5.957257630753266,8.166235820990888,0.00474211704920041,36.26976946596761,0.10096945413725897
1870-01-01,27.37776902487683,0.37745698025984314,0.08155857362624284,0.007718828440717284,39.38927857755476,5.578128909424155,8.165158782196045,0.004707198635971735,36.265379380525886,0.11902818904605879
1871-01-01,27.368196779413175,0.3985115241488965,0.08193912560250344,0.007995269635202003,40.22288702107836,6.099597614613911,8.165303453569773,0.005120447976981002,36.29204613269626,0.12829299930764965
1872-01-01,27.310578936977993,0.4067998831316055,0.08149357129501482,0.008597197540557804,39.9919463971251,6.14439019135193,8.166118402202283,0.0053342180509117106,36.28454720088723,0.12104290279351414
1873-01-01,27.32334080874844,0.37329875557788494,0.08149586495588797,0.007688205874253924,39.735644343424404,5.817073430571549,8.165893869629503,0.004729868789132757,36.265736797108346,0.12371725620270371
1874-01-01,27.312901374171076,0.3965093930976214,0.0824103375564501,0.008706601380552605,39.48200697819495,5.99063239163557,8.165830070311834,0.005070486695501988,36.257779917254545,0.11982078187213173
1875-01-01,27.37370293439104,0.39612978669462096,0.08135401773150451,0.008172291589268379,39.46310136040211,6.179857105402939,8.164723407725413,0.005132014327577599,36.27832443975273,0.10786846274297394
1876-01-01,27.418353593458903,0.42088164885910084,0.08155926929138416,0.0073147213434190195,39.27501957404206,5.652952267762993,8.164221685016022,0.005389339259695388,36.274577828919824,0.11538807625790752
1877-01-01,27.396861134666057,0.38342679996384643,0.08146439686719244,0.007687424486658262,39.626034543996276,5.6788142404359805,8.164644595867857,0.005089622715619066,36.27329616425712,0.125881129026942
1878-01-01,27.35889360928217,0.39468552095932136,0.08136951002823702,0.008280271560428156,39.79913675733242,6.020211824902362,8.164949756285008,0.005146042969420559,36.28519292083405,0.11907678569346603
1879-01-01,27.36571741902205,0.40196186936079614,0.08131907158117103,0.007892554692886302,40.07024213464544,6.309409443450306,8.16430482118393,0.005216152541279392,36.28847912290002,0.11895321132137382
1880-01-01,27.325353924146352,0.39471107508927894,0.08187784524269687,0.008059792124863895,39.8270821921575,5.847774643840867,8.164631982415317,0.005035633781952619,36.284908162069364,0.13274390802232278
1881-01-01,27.32964769830084,0.3775669467279277,0.08191921414563004,0.008287777084019737,39.32002967483287,5.616647476531234,8.163832334333744,0.004780365951714483,36.265223437021895,0.12786015796513933
1882-01-01,27.38446266558102,0.40589088680525554,0.0813675152266036,0.007866451830074398,39.48451636039384,6.178391923342587,8.162901551766513,0.005188299720805319,36.27388293115623,0.11462386759965502
1883-01-01,27.349816898308003,0.38815869720794616,0.08210967730494773,0.008089029340850224,40.26533290334607,6.305734932076681,8.163229016440422,0.005109414122670204,36.293336500831,0.10542413983802025
1884-01-01,27.217565639251937,0.38201189536496033,0.0833044786626183,0.008427761964042123,39.90467834127959,6.030614969792988,8.165229092014762,0.004614744808315804,36.27404418734526,0.13108565613354933
1885-01-01,27.154444095902573,0.40954734778010726,0.08408438131367098,0.00836943195668613,40.18661203434722,5.94826610483477,8.16472091121088,0.0050726627641232555,36.29602607716962,0.12522270009464032
1886-01-01,27.134906248118362,0.38698769663373356,0.08258297296159585,0.008506172881696972,39.76838547692669,5.7304252728217335,8.164479972034211,0.0049322228066448325,36.242238973874926,0.12261437920573977
1887-01-01,27.297927817101264,0.4068285754511701,0.08156561367963701,0.0076273665682066545,38.72531248386861,5.953882742602018,8.161912995647588,0.005248637736383713,36.22433740922281,0.11307948559001403
1888-01-01,27.20693866254241,0.3771942979473101,0.08229538968217025,0.007734456207959635,39.903873767346404,5.631574003474316,8.162810194289317,0.004901179683718122,36.24960069740448,0.09728239009087525
1889-01-01,27.24528791782833,0.40385923238362154,0.08134432319463933,0.00808156081545368,39.3666418837426,5.792623408748017,8.162054743854073,0.005238281028443653,36.22964288748312,0.11883841098423203
1890-01-01,27.300398571217205,0.3864393125787504,0.08199229000382258,0.00836107929922846,39.47036710479549,6.061227693950279,8.160832214166927,0.005024426204845478,36.24495843106313,0.12774545068093932
1891-01-01,27.3288193664841,0.41750984733201446,0.08217417988527329,0.008344165485952626,39.85985439688735,5.837856725883097,8.160446411942734,0.005253444971134406,36.2613879677776,0.12440383905096239
1892-01-01,27.324936927862208,0.3956790207336231,0.08214861529821818,0.0077695239250587305,39.64965159762784,5.938828179470508,8.1604289703394155,0.005076404135393188,36.25870816335295,0.11325193574975592
1893-01-01,27.36307969963881,0.41097813213560064,0.08087541995413175,0.007552732953758436,39.51495069641017,6.077930566029033,8.159885362734125,0.0050392313487595194,36.25825937894159,0.11875574147380981
1894-01-01,27.330425966797268,0.4142110112100254,0.08297163201709734,0.007856114938028555,39.9911124712161,5.653004000749246,8.159708197120858,0.005230063227142019,36.28623654698157,0.11710171398548394
1895-01-01,27.333735255509648,0.38684120649668113,0.081376459966063,0.007393902904798029,39.71837324605917,5.696571320226258,8.15983024931871,0.004747851115866997,36.27130195841191,0.12303761610728504
1896-01-01,27.346383424763335,0.38178493556136167,0.08221111476240023,0.007721626124225406,39.29114364943984,5.5768027544636345,8.159317269096,0.00485142690460863,36.26662193845857,0.1208829461829385
1897-01-01,27.34617150282464,0.3698128045310147,0.08200285908499015,0.008141876028357286,39.8137906428056,6.22624126745233,8.158724843975843,0.004911736334278047,36.2802778040313,0.11672280864599394
1898-01-01,27.324834414728418,0.3744986706148268,0.08227181042586498,0.008031628474094174,39.689499255250794,5.864154517757266,8.158748772977354,0.004829564332822133,36.28031463466506,0.10063873749625629
1899-01-01,27.3430168368953,0.40690478883781234,0.08204069698881973,0.008846669909769005,39.07290232946528,5.994042572426132,8.15830250502043,0.00520251462317022,36.24398185125713,0.11841454727425658
1900-01-01,27.348779411769968,0.39780822933396176,0.08353527406667854,0.008147516169244034,39.79037567875475,5.730997143294747,8.158231741102023,0.0051246531695960445,36.26487208955084,0.11188955371339177
1901-01-01,27.348343641765727,0.38701440063496123,0.0812221363814404,0.007607980129393827,39.29229017004981,5.621440965008153,8.157954280266502,0.0052164100268467985,36.24793012466902,0.10594734183252277
1902-01-01,27.28752101908088,0.4216993772133323,0.08253304633547685,0.008620855162516358,39.89716421327472,5.776562684448573,8.158250400603746,0.0052713592976382905,36.24741875311254,0.1013465959008939
1903-01-01,27.17271181690427,0.40130871856896533,0.08409510839430047,0.00740526686094093,39.998030876892926,5.816740752080969,8.158974474562243,0.0048923524923090555,36.27948791955562,0.11306323637447435
1904-01-01,27.134939167521278,0.39078288635348757,0.08348024478149946,0.007916405855834346,40.20253243728209,5.886472362943653,8.158349393462906,0.005015576793546885,36.28421336437665,0.10875739282842611
1905-01-01,27.181998967722727,0.4032389957520813,0.08174172872113768,0.008266927456607004,39.6292515763493,5.880415129287685,8.156969900021044,0.0050139135497917564,36.262387685698265,0.1177897093755886
1906-01-01,27.20872653066358,0.4109609870885622,0.0813939192997454,0.008287863881116936,39.3210666171909,6.181626240735704,8.156378642846184,0.005290851353431647,36.259114444439334,0.11601430905857946
1907-01-01,27.2431417242257,0.37725010213189025,0.08253447566233581,0.007299741613489181,39.262458910892754,5.986169992570466,8.155924077836069,0.004758796614896294,36.254741755903424,0.11657652389337009
1908-01-01,27.295922569300963,0.3722923439986138,0.08185710477049796,0.00775533624269055,39.65376721506503,6.159024506721868,8.154889359756936,0.0046616693054567365,36.27114921876124,0.12348876520650005
1909-01-01,27.28927010312336,0.3894653525147729,0.08221900588012834,0.008174657215736219,39.57471421909479,5.943571730674223,8.155026671160686,0.004761572929100342,36.27455000624629,0.10556847945038693
1910-01-01,27.288156149793362,0.4094271617776237,0.0818787372961161,0.008218452947307293,40.300794698803735,5.900628605440519,8.154922469773474,0.005186992564860128,36.27489834987664,0.11684197473519456
1911-01-01,27.302121890505305,0.40076967638838756,0.08210270346175387,0.00832007901666699,39.347785887362285,5.718308508880491,8.154142265750364,0.005007848297826724,36.27760211577679,0.11354938645093239
1912-01-01,27.257565546256803,0.40094582155342096,0.08368103792848211,0.007958602076556954,40.097488374499704,6.148818696898408,8.15401661776728,0.005078800569583698,36.297062005205845,0.11127414403568675
1913-01-01,27.179344299469218,0.3839738528757965,0.08445917672402893,0.008607326521962569,39.675621966267386,5.714031229599469,8.154405244485996,0.00474546438048215,36.28277271130533,0.11091782432387531
1914-01-01,27.20022866531923,0.3768431853394284,0.08234013857815861,0.008381082788575033,39.48412145969465,5.581132454522263,8.153388735766676,0.004708802244343476,36.277395506578884,0.10779747701725609
1915-01-01,27.214221426712943,0.3604594427182524,0.08230929842038986,0.007835851219758981,39.8951579851719,5.821833080445714,8.152727873203771,0.0046325024921916105,36.27944395796992,0.10588749639016659
1916-01-01,27.067993559594722,0.3771307878568943,0.08450591343021864,0.007588622774819181,40.837940927480354,5.831954443792822,8.153971363946662,0.0048589061782919945,36.27061659322218,0.10235642758081116
1917-01-01,27.264282917321285,0.39789672050360736,0.08304104837576805,0.008292749348941555,39.8923563687687,5.784476674925696,8.15121672744068,0.004751388433315735,36.24550915942418,0.10394274280478419
1918-01-01,27.281397929781807,0.3942786467488665,0.08306971836091974,0.008355387095888423,39.18265291923799,5.941345657274834,8.151011196102125,0.004950979292712048,36.246177325518765,0.12273634719007531
1919-01-01,27.31393835586757,0.3981390424162757,0.08291423653728203,0.008020194214151616,39.13993474161363,5.7614911564138485,8.149887147966185,0.004926507052308252,36.262936015029815,0.10865168615860159
1920-01-01,27.346141358005674,0.3983912465627676,0.08291015744517867,0.008057583079744673,39.46762183377574,5.639810964342757,8.149123354619556,0.004815965698453515,36.27936866457918,0.10417662019198132
1921-01-01,27.335616725324893,0.36607292209008463,0.08396536929180279,0.007938442359803623,39.22922213444255,5.85519948291821,8.149547739551856,0.004612325550786553,36.27830521825044,0.09665085256619478
1922-01-01,27.39598280473282,0.38339468757323003,0.08174365078771761,0.007813812748760094,39.341604183940206,5.835854966982056,8.148826539287908,0.004731017756688607,36.25729966772038,0.11885096390352215
1923-01-01,27.358525378012157,0.37898740753550175,0.08218277411229465,0.0077536782998427435,39.76693919220652,5.878268359260236,8.148596909132525,0.0048325425851766775,36.272187924843664,0.10805804065707839
1924-01-01,27.257842503702545,0.41601810694317515,0.08303768284560133,0.00834305705816233,39.97952392675591,6.290339125467978,8.149159670836362,0.005127306885469247,36.275918459320735,0.11096902805420035
1925-01-01,27.28172028744572,0.4121303515568004,0.08312494075510682,0.008335089665788071,39.48167757935265,5.8314064412259725,8.147967740979404,0.005177898218560235,36.265506950732714,0.10132262516632594
1926-01-01,27.2943749154338,0.39752437100788307,0.08367251353968654,0.00790111908321402,39.405701816696954,5.768624755048735,8.147892743765528,0.004844086807881364,36.26246272767519,0.10096894544808409
1927-01-01,27.32271423643862,0.4198984282232886,0.08338826786561014,0.008353053725386923,39.60945734476112,6.259321008771992,8.147856043050256,0.0052681792267759795,36.246786309307375,0.09629214272192717
1928-01-01,27.369959756224517,0.42809690917722953,0.08240958221413319,0.008519399492284068,39.4429354883535,5.71793441946972,8.146994959508303,0.005209610707375435,36.23542034972918,0.10981540286469732
1929-01-01,27.288008110290225,0.38779562388746763,0.0841781362236753,0.008325120648008597,39.41693801593398,5.699741207304023,8.147778187634978,0.004609007316463463,36.25316958159033,0.11740735608877313
1930-01-01,27.31869888882825,0.37823856907747333,0.08350283627757905,0.007586096425958047,39.72232728356875,5.367528663069733,8.147094327215425,0.004569648422505965,36.26071933955822,0.09818252125344107
1931-01-01,27.338785433718265,0.373366351052363,0.0830346401346737,0.007634252796897014,39.26953335755365,5.619144678337981,8.146257739522778,0.004704665873858303,36.26557359215683,0.09610707537691035
1932-01-01,27.381980637774397,0.41827147001621434,0.0825735654292607,0.008106930314472082,39.13402239823611,5.920533773301913,8.14534254480843,0.005063353703761209,36.27925809573311,0.11110034426436836
1933-01-01,27.390696774432392,0.39390121344585094,0.08292354305901364,0.008300018195827628,39.50312118664355,6.059368038676559,8.145136703783017,0.0047036118181047965,36.29359684980495,0.10241496829008484
1934-01-01,27.414187392553764,0.40210826940528355,0.08323378142648766,0.008518031366200536,39.427425369874875,5.449690101213973,8.14519058799252,0.004886859672329453,36.28804501074472,0.09660069198084632
1935-01-01,27.423199377787515,0.39369739770623813,0.08271370026683547,0.00784501475225529,39.42297190225059,6.094395026584585,8.144775281268524,0.0048655890449120845,36.28742113752249,0.10065795766442769
1936-01-01,27.3619320690912,0.3750785320040657,0.0839125849670983,0.007960863663392772,39.503710226280965,5.634528287700465,8.145067575632781,0.004890347582992101,36.28719070142428,0.11233718552632053
1937-01-01,27.45021340086599,0.3860543751599369,0.08263349252034742,0.007591653045441548,38.399594605152636,5.320120099315274,8.143383672603122,0.004757469612369853,36.25949003601958,0.12224335419654968
1938-01-01,27.463060739140275,0.4076045915205287,0.08300251060079473,0.008032556979894523,38.926981017952905,5.844003027709203,8.142757773983252,0.0050030114988446365,36.28517504675747,0.10103689791151198
1939-01-01,27.462574611778333,0.39473715625218603,0.08308264763783003,0.0075340378709402855,39.37470148176188,5.622034669408454,8.142021151406247,0.005000365151796122,36.30260369854523,0.10700847008192935
1940-01-01,27.38571942491212,0.38606164641723273,0.08340205848223968,0.00832831751108268,39.51854769476198,5.955341471660108,8.142579025592758,0.004645638831541123,36.290816270579285,0.09347654806646279
1941-01-01,27.401690331475205,0.40108270287178255,0.08394165695521383,0.0083611747374983,39.07085978693693,5.948973331005884,8.141556015822804,0.00496245591329647,36.28393645627662,0.0992926847706272
1942-01-01,27.409734754254,0.401961387058953,0.08367698784734058,0.007969153769304436,38.96142138548118,5.8629946125840275,8.141253959848887,0.004705241207193014,36.27457838964814,0.10125062638224885
1943-01-01,27.372473129835903,0.377105576903634,0.08389745546712096,0.007804256481750118,39.72118892779819,6.045097101524432,8.14133455374679,0.004698892666188029,36.28108572257711,0.10627090108319044
1944-01-01,27.420482734749644,0.3715637206496255,0.08302643101537302,0.008024172715466503,38.891075078470756,5.676158674653997,8.140550589217169,0.004581514069624964,36.288118878393355,0.11811275725604695
1945-01-01,27.41367760921481,0.3882174827635563,0.08380206939092759,0.008327202892551264,39.07890780698577,5.94820711934019,8.14047447558674,0.004800689967365197,36.29693934422088,0.11259747381236458
1946-01-01,27.421537013300412,0.373896802423656,0.08379812194284492,0.007883435976296748,39.30336011447178,5.416017862634455,8.140306900553261,0.004720918082531235,36.29194500101435,0.0966903108281346
1947-01-01,27.38578561201348,0.3986050835566279,0.08441294816515922,0.008289789028267918,39.70656486928293,5.887606422537038,8.140949204484794,0.005096179699921622,36.29207825556956,0.09957512111004106
1948-01-01,27.383804426011352,0.38138105348658724,0.08513774360201093,0.008011415303189379,39.38353544431689,5.780583475894239,8.140722969473236,0.004791302997273206,36.28405816540159,0.10653785531106226
1949-01-01,27.441071284716806,0.37830405042352233,0.08372324015480573,0.008143376277269137,39.50944537236518,5.717255857034468,8.139954594197414,0.004740264494012479,36.28803542559157,0.10808446979574611
1950-01-01,27.362709881931963,0.4120105013391857,0.08502478472654795,0.008781987282503253,40.151972783953795,6.330773757851324,8.140757980797662,0.005071169143506197,36.30124837992232,0.11181269775219654
1951-01-01,27.409127670323194,0.3881779750093424,0.08436369794212704,0.007491095652859211,39.258356994359026,5.723454769084045,8.139924221360275,0.0048932043711627385,36.3142435899407,0.10189857750366046
1952-01-01,27.36726191354388,0.39798979315815264,0.08460457563547479,0.008466181428339676,39.51230631505838,5.761804187411938,8.140277308881837,0.0049720532292373935,36.306145641700304,0.11577508996977154
1953-01-01,27.381173512970765,0.3806033519727319,0.08479710250340704,0.007916765761417257,39.37381402853744,6.139500818289366,8.139743796064659,0.0048328979389759465,36.28698497381269,0.11337036828123577
1954-01-01,27.39475682128667,0.39884631927308084,0.08393952572896662,0.008062359529876167,39.76152707670227,5.862980511420774,8.139222986082984,0.005065968328918033,36.30608616780953,0.11604342440826845
1955-01-01,27.383483642971264,0.3911463702754895,0.08502686166017033,0.008341922755813642,39.249886447391034,5.981493792162378,8.139073772528779,0.005076460731400767,36.29516603062372,0.11984632127599651
1956-01-01,27.346063803285045,0.4004742523197349,0.08471150538220157,0.008028568100931832,39.2500908700224,6.167204492627333,8.139164211494915,0.004817498134727516,36.29998583485032,0.11346373706055893
1957-01-01,27.324569979703526,0.4053390141539072,0.08537203767747545,0.00892167089780699,39.356959451345844,5.989702111392138,8.13867461617034,0.005077428097192687,36.30491759692546,0.1026658783611079
1958-01-01,27.35200461393945,0.3717527652219785,0.08501868560910603,0.007210433276556468,39.03654007650391,5.753305997775436,8.138119704249677,0.004917450570194227,36.30344338685084,0.12546351175946918
1959-01-01,27.40274470298837,0.3961869929016568,0.08501819216021353,0.008218208151474102,39.06878829235018,5.865402569541871,8.13731976044042,0.005043928074876536,36.2994975797609,0.11287337724599683
1960-01-01,27.421963817885736,0.3900779585551586,0.08482531758171583,0.00837701888914753,39.09670537313065,5.711558803907792,8.136635899558172,0.004885890316427038,36.29768776781195,0.10120251084930851
1961-01-01,27.380806537078424,0.39102845165005684,0.08486193204962657,0.008479697987094316,39.1967742079111,5.949436890374566,8.13688205690843,0.005025670087253742,36.29941364396688,0.11085285842425534
1962-01-01,27.331476898244716,0.3909311152052499,0.08525162828794298,0.008057398495106493,39.008912383642866,5.625491846799796,8.136645945888967,0.005024543271274038,36.29572658215545,0.10242616752053683
1963-01-01,27.288913336633584,0.39846887664682773,0.08563532322558297,0.008800565603674036,39.598473820245346,5.946511378638407,8.136510578870036,0.004747139476008253,36.27505559321345,0.12373631820094365
1964-01-01,27.280145976471772,0.4110378544627935,0.08578911941968413,0.008538601057655837,38.94311211231946,5.822229282127426,8.13601408417844,0.004928695006709709,36.27755286097668,0.11158833801640125
1965-01-01,27.209059535134045,0.38823789020773236,0.08661939603111739,0.0082695202841292,38.927961838921235,6.023329346925383,8.135709914676942,0.005007299545073206,36.27037118857402,0.10442890718340053
1966-01-01,27.283036931855783,0.4093125421562363,0.08458655861250017,0.00838576333062183,39.14215705911241,5.932236253502768,8.13387188115163,0.005055836642249297,36.25343809003508,0.10462500996156494
1967-01-01,27.282618034376917,0.4071779499309487,0.0857023330521928,0.009066093076327223,38.19343689479,6.034578755473779,8.133044659551413,0.004912569563921804,36.253349362314246,0.11004451122732165
1968-01-01,27.303056212690887,0.4000156474882646,0.08635262084191364,0.008359533764307377,39.01707922505037,5.897042666204419,8.132453712909978,0.005085263545969375,36.25607504758231,0.10920829712279267
1969-01-01,27.392712419280343,0.3960621455216353,0.08438902654800098,0.008193210683995557,38.84019516851373,5.876237608229477,8.13057973131161,0.004740794518945641,36.25983177982592,0.1010218252349305
1970-01-01,27.39758577485652,0.3751391273660382,0.08447624948933316,0.007618491853499317,38.93001453962502,5.630766496581859,8.12976417050451,0.004595367985959867,36.25600152582891,0.09361334602173653
1971-01-01,27.37062429905553,0.37485730583954513,0.0855878070622838,0.007736277295013137,38.95916617621466,5.920214976288507,8.129109817222151,0.004810366638018621,36.269576650166755,0.10886631778855699
1972-01-01,27.379613858474823,0.39323584688247515,0.085564302909477,0.008826754836587673,39.01109429810469,5.910062363228386,8.128168288592924,0.004831953651670094,36.26871316704955,0.11093102272974786
1973-01-01,27.39094973328504,0.39370661798996515,0.08639863283974632,0.008636804802345443,38.65432302453133,5.707056048035581,8.126518818466472,0.004680370199321699,36.27361554897524,0.10399677419683753
1974-01-01,27.393614047874557,0.3956118706699312,0.08634129957726198,0.008353560173842535,39.530804386435904,6.0427816620946295,8.125532275105959,0.004850698556777403,36.29226227295922,0.10590741468562606
1975-01-01,27.28841354218427,0.4074806656712297,0.08642039327595713,0.008024920147744181,39.29944135655326,5.958107698823784,8.126053623902468,0.005103802779020553,36.280392828849244,0.10791891062354303
1976-01-01,27.29472251550953,0.4215405716212838,0.08754357570161665,0.008894205546228036,39.32298351502687,5.9460670426007765,8.125186714547684,0.005033360119971803,36.25684803464856,0.11829529766434727
1977-01-01,27.40499428984266,0.4112095279060866,0.08601263923288233,0.008714540751543105,38.81443540787715,5.580261851647275,8.122837865900305,0.004932150672573712,36.23844760708458,0.11454491558601021
1978-01-01,27.373595437700086,0.40046217415788254,0.08610254603995977,0.008772100770859959,39.187076630635914,5.560167193443826,8.121764848283426,0.004767748073468673,36.25980498732254,0.11974763981274343
1979-01-01,27.410285479297116,0.4054099394707562,0.08660956225783517,0.008324635898515292,39.128495210874206,6.262285397606172,8.120130390663519,0.004934514688463281,36.26448653273407,0.1278484142020776
1980-01-01,27.4185250011527,0.3785687339520277,0.08585126316480955,0.007799098308408282,38.950249485235865,5.388689245395394,8.118688939485887,0.0047989097658063746,36.26225271055394,0.11733326673728509
1981-01-01,27.499435753617284,0.40759267869288274,0.08554865309820221,0.008180893031016505,38.60891862992371,5.574766171763229,8.11601500902136,0.005012019434180395,36.283010169969124,0.1129343098582699
1982-01-01,27.370161983782225,0.40276096826131547,0.08681850950180127,0.008484926512834947,39.137381831892775,5.888741122462976,8.11681780051724,0.004889273686689546,36.273693922035584,0.11160652183398372
1983-01-01,27.366092508221826,0.37409776646912296,0.08722004099719878,0.008408928114337333,38.91779401595656,5.711299583216475,8.115185384450427,0.004659015499272413,36.28406738689426,0.10562818446024938
1984-01-01,27.416974564807447,0.3801457289089013,0.08411623181528541,0.008063250035136594,38.67706270845013,5.673186979411625,8.113562657866789,0.004575766842685328,36.279203304119385,0.11701391925348759
1985-01-01,27.434469097726637,0.4133049305699736,0.08543237277667484,0.008929502812658804,38.70774145365301,5.701230848483329,8.111959326371522,0.005010743708354432,36.264900839196095,0.1262862917213549
1986-01-01,27.478571288164574,0.37741398002992743,0.0861108525348396,0.008466669289649424,38.683107573239226,5.866903183518181,8.110223946095843,0.004593692164120026,36.26556337288075,0.12317990351220434
1987-01-01,27.519470044828136,0.38691289075461727,0.08594896670936349,0.00848890484121175,38.37564663877832,5.8234369970548086,8.108351316681832,0.004723025821895237,36.266471721634964,0.11440258346457272
1988-01-01,27.564061987291453,0.3783919160245687,0.08536858400477682,0.008502156759712774,38.84503513527623,5.779904488168926,8.10625991914398,0.004561843137566564,36.282568357927175,0.09157629531499614
1989-01-01,27.619505989523056,0.3810946714593215,0.08550201256781559,0.008186513972401948,38.84101884368803,5.552948363234509,8.104199094201913,0.004663475735155966,36.301790383367084,0.09298972680059882
1990-01-01,27.596164090175453,0.3945476022388096,0.08716999392616949,0.008690758320682012,39.107906917638374,6.16411058386563,8.103357766414067,0.005021429009271941,36.311380448145094,0.09972277874550999
1991-01-01,27.576531000242284,0.42089896284822015,0.08610754856172015,0.008526901835546746,39.154384028991224,5.653256642354807,8.102855948768129,0.005074499397288769,36.30474913787817,0.11478273083771828
1992-01-01,27.43928194688104,0.42204364925496746,0.08714214506092025,0.009011655269272006,38.83521796188012,5.732233076652794,8.102743629386383,0.004827890637303421,36.30179776622448,0.11200169808967991
1993-01-01,27.488171838759936,0.3942950655989191,0.08611398362552897,0.008282281561072462,39.06086418650517,5.744741073391899,8.100491375707444,0.004797862414940524,36.29321798323437,0.1085011340436346
1994-01-01,27.583058255185993,0.40155607555645434,0.08564874872531611,0.008193836213962805,38.03861890306906,5.716065807366842,8.098880127053572,0.004615071171712079,36.28500619629913,0.10534339423313696
1995-01-01,27.647634460428584,0.3702531691875361,0.08559341516862104,0.007917914017060788,38.83484466500204,5.88546025211202,8.09694478133311,0.004550283911162788,36.29507480222521,0.10122752787970886
1996-01-01,27.681501571475984,0.37959798872585576,0.0848589745871908,0.007775679402204255,37.95121591324948,5.334202284696582,8.095530048989483,0.004817349290298365,36.27823205401189,0.0993527432907366
1997-01-01,27.71153975872774,0.3803296600482029,0.08619255740797475,0.008340961073502127,38.378925955586034,5.413837500921283,8.093603010319669,0.004549069179022481,36.30897648163295,0.10656314689151944
1998-01-01,27.786252411692743,0.3857640233682563,0.0862925766736367,0.008739337590864638,38.163644152594294,5.403877620811748,8.09191393995368,0.0044959609838001145,36.30324714426401,0.11438328735425082
1999-01-01,27.83561514089981,0.3975159824494686,0.08607095422116298,0.008272527650554898,38.44087648954635,5.743617817499713,8.089876783323122,0.004913369494035856,36.315622000468984,0.10413549570558801
2000-01-01,27.862181659864678,0.4207003926074775,0.08540124485533182,0.008748706996561986,38.28947237178057,5.647008183308296,8.088570223466116,0.005198869607897843,36.30579403479807,0.10141024620360822
2001-01-01,27.925084188773837,0.3887424182914863,0.08553401572892745,0.00836688633378658,38.20555222440993,5.741335830219407,8.086518449164767,0.00478843929959882,36.30283732976177,0.11798166361848403
2002-01-01,28.01235606451112,0.3992196643126409,0.08548287263129199,0.00787260340414608,38.46072265486304,5.440462125312259,8.085066065855974,0.004833373124648728,36.334054707033225,0.10645807849243663
2003-01-01,27.96050638004136,0.3871051167563929,0.08654358910812394,0.008883090392846467,38.885680717337245,5.769848334667761,8.084016557336263,0.0044710790723228346,36.3593806425875,0.10951513687942818
2004-01-01,27.987649009775794,0.4198252335484857,0.08632191516666872,0.00848208253102222,38.581005037338635,5.704252006170198,8.081950265577824,0.005045951368510834,36.365215844617666,0.11964191238038234
2005-01-01,27.981861515319856,0.4031865910524892,0.08693573226396681,0.008720757548619777,38.67906714345491,6.06550801738994,8.080606656055346,0.005139053308130664,36.37668753068053,0.12440267673639474
2006-01-01,28.05214767568982,0.417955494667842,0.08570334230758346,0.00808834680744635,38.58198551618939,5.8532064119765845,8.07859807496537,0.005170406847663306,36.373375204404944,0.14256099509295161
2007-01-01,28.07637296219472,0.40154094567379384,0.08590735865099179,0.00815691687344589,38.60681104319592,5.684414021513837,8.077069322196767,0.0048632635957942694,36.37984828848295,0.1138472080792367
2008-01-01,28.08217015007783,0.36104607134061867,0.08558629757750241,0.0079882668427535709,38.485847778459004,5.736417828468059,8.075409893342067,0.004288287030892645,36.374033765523876,0.10731301314981813
2009-01-01,28.11981560720212,0.39125054417309446,0.08571237562249347,0.007972769652654683,38.32556713469174,5.885056332074907,8.07336656317305,0.004727867409450576,36.410014359808656,0.10319793801369014
2010-01-01,28.137441824560725,0.39775728037479574,0.08640783139290513,0.008248895047040001,39.137160264949316,5.956708448599759,8.07165084497351,0.004826423977973117,36.43117548961379,0.10470310484983057
2011-01-01,28.13181830455529,0.4010593272256307,0.08594173137616037,0.008478615912697404,39.04381295996618,5.881212199214229,8.070426308835158,0.004720076321791908,36.438355784328714,0.11353401974373178
2012-01-01,28.191689410572245,0.39402175431207187,0.08554605650912489,0.008172818472436635,38.74963287013498,5.978610620958865,8.06818863315746,0.004815951102444135,36.431445006720764,0.10063308056492225
2013-01-01,28.20538942525032,0.38733209567196486,0.08544250523911283,0.007987018638672636,38.45892970971773,5.566561020287642,8.066141577176891,0.004448304902967031,36.441165922572345,0.1070135962543079
2014-01-01,28.27868592660185,0.4079297520585005,0.0854542670601353,0.007451955755349622,38.85604984711063,5.783153102488492,8.063899225671495,0.004419741885246433,36.44968711890318,0.10883245563984459
2015-01-01,28.231385909489337,0.40132198491220344,0.08501415954561833,0.008948669562634019,39.50518963698124,5.7121530013967945,8.063100572905588,0.0048121869165189644,36.46175113740747,0.10842705949431575
2016-01-01,28.262496290997596,0.4021571420267089,0.08493695387667784,0.007878672311769433,39.02039885718966,6.2372501594610545,8.060316610864032,0.004779135620330064,36.45871196769739,0.11439250935701578
2017-01-01,28.281227285472784,0.40936196654573653,0.08567535541599926,0.008183528737924729,39.07621239814091,5.9345362725760396,8.058234459459156,0.004608077072447953,36.46823016875716,0.11301020343662983
2018-01-01,28.248642922464356,0.40671629808431076,0.08550130037547571,0.008543823720289011,39.50935349333275,5.626850097682189,8.056421490246715,0.0049350898406032365,36.486883744523375,0.1238312578844968
2019-01-01,28.299224129968533,0.39122755107475315,0.08613158686384581,0.008498184222597634,38.73925270573085,6.02396139060783,8.053147141490205,0.004460399854317515,36.48583068555527,0.1270711672292223
2020-01-01,28.359030518778106,0.4086659091353661,0.08499856068185797,0.007940699977671991,39.125235550285474,5.751539896796318,8.050756649202873,0.004792782621066115,36.48873990917489,0.11255688204837419
2021-01-01,28.303439411572946,0.4234338451010318,0.08529116134631791,0.008832690344863111,39.31903288866906,6.010994686466587,8.048835978780703,0.0049146799610849225,36.51258265081605,0.10731384714246966
2022-01-01,28.349114044521095,0.3798309267999807,0.08527563613173093,0.008195526584265589,39.016773070057255,5.579170876786927,8.04573954732463,0.004567855262603778,36.52449495257973,0.10514790212086311
2023-01-01,28.36714037635261,0.38898759490020657,0.08455844303158319,0.007843649859838904,39.41259051973776,5.753735372382289,8.043015710652158,0.004725581141888603,36.538955670495454,0.11072107032085549
2024-01-01,28.405270936280324,0.3858044914095652,0.0854346893461547,0.007932659731220253,39.1986440345094,5.875037770163165,8.040022976396212,0.004443719529436028,36.53540084600152,0.11375645442379861
2025-01-01,28.39798416298252,0.40025019954574165,0.0853386766970772,0.0081577905466702,39.420011533391815,5.805135605486312,8.037559454210726,0.004745220063629482,36.54453915143032,0.11116038161497466
2026-01-01,28.462632228164363,0.392079997671059,0.08441308146633994,0.007726034239155324,38.45145495553262,5.678106952421007,8.034202049954402,0.004820761395087269,36.546748006927984,0.10395637830060443
2027-01-01,28.443107522540938,0.41108061625944853,0.08554708468375657,0.0084707981965110209,39.55791990418543,5.896947794648417,8.03167505616317,0.004720418817581845,36.584854848346275,0.10225711556141193
2028-01-01,28.49611364581023,0.39846832723570424,0.08556636228144832,0.007908466588312377,39.14513130534405,5.700835874848225,8.028716181662418,0.0044912414103908584,36.590406537285006,0.11238746657656347
2029-01-01,28.455242829045783,0.40447893245446126,0.08545310993312016,0.00833997959977332,39.97714529734097,6.109616410643452,8.026803018652899,0.004618299420358747,36.605108897879205,0.12609692979394696
2030-01-01,28.52965488900976,0.409543730280433,0.08475627772456472,0.00858377877128152,38.67593266115115,5.78183752576023,8.023085446133194,0.004614362592392329,36.59564126603837,0.11889734363303833
2031-01-01,28.61928147621347,0.40727692058597215,0.08487799175297123,0.008721321841555841,39.25461820682315,6.201076195537586,8.019516669913624,0.004542397255542796,36.613485135739694,0.11688690136499941
2032-01-01,28.56552394102351,0.3871896218489045,0.08487318892359796,0.0076664161758333935,39.72158862079519,5.843272997852711,8.017492263236123,0.004608646884976278,36.64438846476751,0.11759385505445803
2033-01-01,28.617545013710348,0.4113746279787636,0.08504923484213814,0.008538170345765811,39.24097321535296,5.781469512409576,8.013737846323275,0.0047080241785893645,36.644222176039136,0.11544175265875502
2034-01-01,28.64457095586404,0.42482933632808717,0.08460116222135886,0.007839787417988926,39.47953404642267,5.967419934460841,8.010769856660959,0.004682835481748495,36.64521475920617,0.12287185729501232
2035-01-01,28.758376132949465,0.38205733290736393,0.08403712947531415,0.007967590364556874,38.814700229738314,5.345951219192521,8.007298601761454,0.00447682089704283,36.64843044222617,0.10861013538591538
2036-01-01,28.62430333482623,0.3954356629358322,0.08745469241806639,0.009048722604864659,39.627409042021874,6.129427852173453,8.006212175317156,0.004406510922974384,36.65529701075971,0.10720547386425047
2037-01-01,28.828281808442586,0.39063826542857416,0.08422376187676783,0.008112336635939089,39.21225916272411,5.6311325867532815,8.000986307963691,0.004602471944089248,36.68649469889372,0.1005134417066513
2038-01-01,28.830474762603245,0.37400380505873837,0.08377280172017988,0.007927902220596694,38.944138616421824,5.795510748246077,7.998273060973293,0.004399575080716277,36.70051595715938,0.10342061981338059
2039-01-01,28.8022708174333,0.41253224538199357,0.08449952781669533,0.008470820045781487,39.490089555514466,5.738289766223599,7.995243248800851,0.004716703599571508,36.71266898859797,0.09927599564048302
2040-01-01,28.856297898559628,0.404054487401696,0.0845137264069912,0.008436341171892405,38.90428429560015,5.6598301164577585,7.99164342881441,0.004376792792847022,36.71497870137787,0.11839727909087823
2041-01-01,28.941601740546673,0.383679565715798,0.08454780106441802,0.008231020867001712,39.11143616801865,5.635836824574505,7.988525847635579,0.004283016647262508,36.71277238286718,0.11123801869532829
2042-01-01,28.938215515029444,0.40041494236941655,0.0840764477192951,0.007812648281672174,39.69039727727278,5.699628063183363,7.985411553162508,0.004631571925336837,36.7330837790502,0.11507162961171166
2043-01-01,28.936044789230323,0.4192524228272804,0.0838267476873929,0.008039706699480238,39.69491035097761,6.036404591829954,7.982031090673232,0.004560164624653373,36.75820542363519,0.11969291974517943
2044-01-01,28.953127687200926,0.4113346738347581,0.08622689563840859,0.009075419049337402,39.622053235339216,5.868785887369308,7.9793406943689655,0.00475364946531089,36.78906859895002,0.11615341838558499
2045-01-01,28.959022580133425,0.38842491457001127,0.08525960716159817,0.007976108065504748,39.78975014717481,5.822435629611141,7.9766302865451015,0.004265430291955808,36.79948898593487,0.1118169095153382
2046-01-01,29.06389472366697,0.40148107771026803,0.0844891621198591,0.008440026689056853,39.01019134525747,6.182378120189078,7.972467308503491,0.004411316978639126,36.79677466303756,0.10824210156503765
2047-01-01,29.08668365888153,0.39230466535775904,0.08465766494988317,0.008478026900667122,39.615190532552425,5.936886777623888,7.968985668663753,0.004466751828062681,36.81784330062009,0.10657759460654384
2048-01-01,29.09293359512803,0.4113087835804518,0.08532166393224515,0.009199384925247403,39.879840382877845,5.96029107271167,7.966329966467579,0.00417596764276278,36.832661836216225,0.11375721717145458
2049-01-01,29.1161773232873,0.3905386959397481,0.08434171702373267,0.00924354977801436,39.988946594433536,6.01194267489957,7.96318384747095,0.004272399671824618,36.86554748436804,0.12039348085665347
2050-01-01,29.15107804028025,0.41748216457764387,0.08498327000159658,0.00921817478920437,39.34225978796396,5.939934243993877,7.959630943352632,0.004335906614537759,36.876330687723126,0.11225123864648028
2051-01-01,29.20727139231666,0.3972106360783979,0.08455734519642194,0.008780366062137078,39.827057584836986,5.83820472018092,7.956198091929379,0.004333698792918103,36.889696534677086,0.11181683333124652
2052-01-01,29.192544011143852,0.39134489607250855,0.08426745320282485,0.00841674441410074,40.31632179588968,5.953393179039928,7.953320391441027,0.0041306187836125385,36.909495573672004,0.10178846117629939
2053-01-01,29.221798849644173,0.42053729796566264,0.08492142375353352,0.009258512691301355,39.70191160159964,6.469373738538308,7.950277202315612,0.004513922104974391,36.914528460828826,0.1161278510258697
2054-01-01,29.244918386366024,0.4137783210870728,0.0841304010599788,0.008264424743211752,40.2146967364759,6.09472828037626,7.9464664382632035,0.0042996395338988115,36.91982852652399,0.11771505789846712
2055-01-01,29.302294171424855,0.4083233075530373,0.08515413619994364,0.008606637227415288,39.911425963846135,5.934657379541104,7.942865329721635,0.004523309835745144,36.9350057955118,0.10701721072788323
2056-01-01,29.340453008862085,0.4037736214393924,0.0843723462149907,0.008490223852105247,40.06355888665177,6.3527470018369225,7.939785689178903,0.0045412450688620395,36.94662197296745,0.12192641150427166
2057-01-01,29.383623986190173,0.3883665930709422,0.08487153125854781,0.009734525999691055,40.351632239051,5.662563129231271,7.936833846664962,0.003958139256852817,36.96401254229617,0.10679621544386333
2058-01-01,29.38279302860103,0.41910960005322295,0.08407454434211174,0.009407248339374926,40.48484762839386,6.085009368601658,7.933322783618536,0.004193445107640043,36.99412544793247,0.10214453747235215
2059-01-01,29.399948264199566,0.39344682693054467,0.08474382807813056,0.009032988048693534,40.677244190248516,6.119595105303193,7.930089957271906,0.004155321470895105,37.01448050268557,0.10029078942193456
2060-01-01,29.38433588555019,0.4166593836182021,0.08524595642291015,0.00937877274201219,40.76635509259698,6.472645354504164,7.927079031913536,0.004291996655692084,37.032924092555376,0.11372398937618304
2061-01-01,29.456950058113073,0.3986494058848272,0.08487915449762869,0.008783702497859017,40.52153752792071,6.116323089405996,7.923499488871993,0.0042224909532123335,37.029578252742496,0.13126673784744533
2062-01-01,29.45811695123112,0.38646757862684,0.08484978244827292,0.008977083282658857,40.57946137627094,5.670191485770118,7.920291077661663,0.0039802198824183295,37.053889808690336,0.12055212032847555
2063-01-01,29.54152620786859,0.425715099686979,0.08441278217418655,0.009015042737897355,40.48240549096286,6.457942807746797,7.91676109757767,0.004164496124251491,37.06811914535928,0.1139167772353353
2064-01-01,29.594699194259686,0.3978668340241731,0.08411558466644019,0.008646659954745664,40.90797727372698,6.005811356538633,7.913491607436044,0.00412681425649309,37.07609873693074,0.12389240780794034
2065-01-01,29.599995602252275,0.3996602812185209,0.08435596975091025,0.008962964227600569,40.65076172055717,6.22276620246415,7.910089774805749,0.004155523603919701,37.11346880379666,0.10765453685251006
2066-01-01,29.63919612291458,0.4136372637880566,0.08435870145092027,0.009466512648380611,41.24740041648832,6.03090561624266,7.9069619528917165,0.00418401808648835,37.131604629558865,0.10628271655903875
2067-01-01,29.635747471788836,0.4002838120237552,0.08418069413686076,0.009179978406629943,40.91215902040457,6.036109327069456,7.90385503207488,0.003950525459307482,37.14253968720179,0.1316984858782089
2068-01-01,29.680790575621366,0.39345420995881525,0.08452599458343374,0.009522532174112221,40.77527187618388,5.906362267935346,7.900154133754404,0.004098564974039748,37.161798052374856,0.12665022745077498
2069-01-01,29.726536557380673,0.41136269893594646,0.08386146687605892,0.009603480229669496,41.144825289984524,6.388190599103002,7.897238220590086,0.004141542877639658,37.17771076695867,0.1226712473771085
2070-01-01,29.75269387732204,0.4362358039033716,0.0836673394458162,0.00950355607809888,41.489410429259145,6.685748427390321,7.893687587579075,0.004447709176712428,37.20512983614963,0.11796599642442873
2071-01-01,29.797955171074527,0.39324740742144365,0.08351132556387235,0.008620339956688176,41.67155761004014,6.165552936176533,7.890180506247006,0.004016054924223978,37.22827006562133,0.10696794036646157
2072-01-01,29.797932674079632,0.4016481982444034,0.08368773828427689,0.009996013995615494,41.737170246305595,6.2702723160185005,7.887431887306889,0.003989634463461897,37.27000295379526,0.10068987720358202
2073-01-01,29.807465660480734,0.4013640391729795,0.08304730390569007,0.008918869829544578,41.87743975740628,6.296104017402223,7.883623206961849,0.004016914638102768,37.28153995307141,0.10961351013624035
2074-01-01,29.835865096566184,0.4102315807412158,0.08317795689999807,0.00919526690601926,42.049630479983755,6.4315691365353675,7.879992516616499,0.004076749434497337,37.320380845239065,0.10396601151466865
2075-01-01,29.91454411361966,0.39690880551598334,0.08271532042940963,0.008384853618334635,42.53821655582483,6.3074821450256024,7.877029491164081,0.0038175379081034815,37.31637227485044,0.11544533819573341
2076-01-01,29.87911432528203,0.40261110146046747,0.08369193761745436,0.009292035677325242,41.60797376600886,6.12110840095293,7.873472550573846,0.0038416319297749652,37.32833841481154,0.10594737851056507
2077-01-01,29.936391972029387,0.37388216276134967,0.08302925022723019,0.009161199915124619,41.84865329592215,6.430736225433705,7.870277542254701,0.0038521918858410538,37.35122764534932,0.09448205748564434
2078-01-01,30.00927266556388,0.40331332742533776,0.08148250953023939,0.008750440187857263,42.13533660006502,6.224815304740936,7.866543040399344,0.003986497981094101,37.36400436953646,0.10659247248054918
2079-01-01,29.99327357646703,0.4033012491721641,0.08237887321336612,0.009299177948583266,41.93150549367619,6.333394937362719,7.863732143300727,0.003960244257970348,37.39160956773739,0.10594804993825804
2080-01-01,30.088915741678793,0.4050177453647521,0.08218938411948053,0.009324151276555556,42.014776312377535,6.4848673403261925,7.860346574853119,0.004024582711828364,37.38732258047741,0.11233191424171968
2081-01-01,30.13520730429429,0.3751516352389871,0.0818018686107348,0.009003922124500336,41.78601293683095,6.380617492476064,7.856593007496262,0.003849456474616924,37.3980461234535,0.12345126862305261
2082-01-01,30.185812837212197,0.41341923563982336,0.08138121655412286,0.008680162966510134,42.34933499525991,6.291574571684204,7.852992012578838,0.003990837083110462,37.44697750253502,0.12095059860275832
2083-01-01,30.211605837000224,0.4170162621042766,0.08207981292225036,0.009432746655080159,42.58382227148416,6.473423800461998,7.85029859958599,0.004070822042153384,37.47144621083879,0.11351624226417689
2084-01-01,30.19094637900662,0.3785847852863584,0.08079645654748836,0.009152594653197288,43.047944028345654,6.399296011849657,7.846713491762131,0.003779088941975324,37.489119992477576,0.11419421193961007
2085-01-01,30.309397651196207,0.42552437292435935,0.08029145257588895,0.00911436860044958,42.156327255192295,6.8398777221790334,7.842834612015594,0.003949793402091957,37.50031480798008,0.11933960630411128
2086-01-01,30.245047693845326,0.3893485482973803,0.07978270326952046,0.008623255916463986,43.09064982657194,6.432643688612012,7.840033102086668,0.0037657211632362328,37.53527156970368,0.10508308592661668
2087-01-01,30.291818853188346,0.40279010976657975,0.0805363043036864,0.008850203259260211,42.876285325631045,6.825663542201035,7.836483493582747,0.004043037482549932,37.54048717775769,0.10788681114961549
2088-01-01,30.36785580787208,0.3930386211151259,0.0802025945444578,0.00906748753707706,42.35127792941323,6.36078591325537,7.833009794246258,0.003536069985832296,37.54880586434422,0.11757771227140984
2089-01-01,30.430789757764487,0.4016047291873531,0.07903634632874065,0.008021371808666754,42.278447510058015,6.5836578417851825,7.828957166178487,0.0036029432967924456,37.55166968859601,0.11761036723209271
2090-01-01,30.45566181946856,0.40909281076483656,0.07861836800286785,0.008471838671461597,43.09797380247157,6.541838154452343,7.825858156572547,0.004047017969426921,37.59043831521217,0.1077298628020637
2091-01-01,30.498441120380715,0.3862594237215575,0.07818545474808634,0.007902974995162336,42.98929787707879,6.331222956759713,7.822086749536932,0.0037085676617972896,37.617982937931124,0.11012861754966238
2092-01-01,30.516680824390086,0.3778891374016101,0.07836142050929586,0.007758491232030893,42.76056717862592,6.787780804725166,7.819237732128338,0.003742514553444579,37.63511703382055,0.10970523344546856
2093-01-01,30.556312891879433,0.40164567422286,0.07767771418424743,0.008309890246978984,43.127506310266305,6.829811043336327,7.815364073861831,0.00397494592554911,37.65915190695209,0.11328336397371681
2094-01-01,30.58336606947976,0.3920621238307659,0.07699060471676297,0.00821109427358419,44.09221270388603,6.524186321059574,7.812114780447785,0.003630614862387807,37.70152113320792,0.11234091259593611
2095-01-01,30.622266828796878,0.39695611948247805,0.0753509511200393,0.0089028200845047,43.74865087057647,6.56271245913298,7.808777052750883,0.0037945145734424642,37.720485379384805,0.10871355586455528
2096-01-01,30.63029843166889,0.40910225901090913,0.07497512268894402,0.007454056499675692,43.58579857291686,6.867736359367464,7.804933020599197,0.0036479231228454504,37.72195629856021,0.11301959110697593
2097-01-01,30.655604681058104,0.4238841659503568,0.07566496156324215,0.00804556119406207,43.79472854289795,6.679025353335317,7.801486005281038,0.003731126405256864,37.75352191004643,0.1125496525924086
2098-01-01,30.723171927606366,0.4027570936548627,0.07428447095964666,0.008159966518024588,44.09694007591415,6.686622093776992,7.798257669607628,0.0038289143965070803,37.769413290153516,0.1227578278272887
2099-01-01,30.746023125901907,0.4046433639692735,0.07311505665976514,0.008076201016870073,44.26799735330804,6.9026594096420135,7.7943275159070975,0.0038312267353172833,37.7967695651476,0.11547524064617269
2100-01-01,31.27803978994572,0.39034326405691494,0.06777033435962716,0.007077875198826676,39.228085681535596,5.789562084139926,7.786449250233614,0.0037472212212274697,37.83467506229484,0.11715287550632937
